"Kod";"Nazwa";"Jednostki terytorialne";"Rodzaje wydatków";"Rok";"Wartosc";"Jednostka miary";"Atrybut";
1200000;"MAŁOPOLSKIE";"gminy łącznie z miastami na prawach powiatu";"ogółem";"2024";11397503192,11;"zł";"";
1200000;"MAŁOPOLSKIE";"gminy bez miast na prawach powiatu";"ogółem";"2024";7243720368,12;"zł";"";
1200000;"MAŁOPOLSKIE";"miasta na prawach powiatu";"ogółem";"2024";4153782823,99;"zł";"";
1201000;"Powiat bocheński";"gminy łącznie z miastami na prawach powiatu";"ogółem";"2024";369875457,86;"zł";"";
1201000;"Powiat bocheński";"gminy bez miast na prawach powiatu";"ogółem";"2024";369875457,86;"zł";"";
1201000;"Powiat bocheński";"miasta na prawach powiatu";"ogółem";"2024";0,00;"zł";"";
1201011;"Bochnia (1)";"gminy łącznie z miastami na prawach powiatu";"ogółem";"2024";82268636,22;"zł";"";
1201011;"Bochnia (1)";"gminy bez miast na prawach powiatu";"ogółem";"2024";82268636,22;"zł";"";
1201011;"Bochnia (1)";"miasta na prawach powiatu";"ogółem";"2024";0,00;"zł";"";
1201022;"Bochnia (2)";"gminy łącznie z miastami na prawach powiatu";"ogółem";"2024";65881749,62;"zł";"";
1201022;"Bochnia (2)";"gminy bez miast na prawach powiatu";"ogółem";"2024";65881749,62;"zł";"";
1201022;"Bochnia (2)";"miasta na prawach powiatu";"ogółem";"2024";0,00;"zł";"";
1201032;"Drwinia (2)";"gminy łącznie z miastami na prawach powiatu";"ogółem";"2024";19475653,15;"zł";"";
1201032;"Drwinia (2)";"gminy bez miast na prawach powiatu";"ogółem";"2024";19475653,15;"zł";"";
1201032;"Drwinia (2)";"miasta na prawach powiatu";"ogółem";"2024";0,00;"zł";"";
1201042;"Lipnica Murowana (2)";"gminy łącznie z miastami na prawach powiatu";"ogółem";"2024";19633494,93;"zł";"";
1201042;"Lipnica Murowana (2)";"gminy bez miast na prawach powiatu";"ogółem";"2024";19633494,93;"zł";"";
1201042;"Lipnica Murowana (2)";"miasta na prawach powiatu";"ogółem";"2024";0,00;"zł";"";
1201052;"Łapanów (2)";"gminy łącznie z miastami na prawach powiatu";"ogółem";"2024";29950954,99;"zł";"";
1201052;"Łapanów (2)";"gminy bez miast na prawach powiatu";"ogółem";"2024";29950954,99;"zł";"";
1201052;"Łapanów (2)";"miasta na prawach powiatu";"ogółem";"2024";0,00;"zł";"";
1201063;"Nowy Wiśnicz (3)";"gminy łącznie z miastami na prawach powiatu";"ogółem";"2024";52504807,60;"zł";"";
1201063;"Nowy Wiśnicz (3)";"gminy bez miast na prawach powiatu";"ogółem";"2024";52504807,60;"zł";"";
1201063;"Nowy Wiśnicz (3)";"miasta na prawach powiatu";"ogółem";"2024";0,00;"zł";"";
1201072;"Rzezawa (2)";"gminy łącznie z miastami na prawach powiatu";"ogółem";"2024";35734112,34;"zł";"";
1201072;"Rzezawa (2)";"gminy bez miast na prawach powiatu";"ogółem";"2024";35734112,34;"zł";"";
1201072;"Rzezawa (2)";"miasta na prawach powiatu";"ogółem";"2024";0,00;"zł";"";
1201082;"Trzciana (2)";"gminy łącznie z miastami na prawach powiatu";"ogółem";"2024";30514679,79;"zł";"";
1201082;"Trzciana (2)";"gminy bez miast na prawach powiatu";"ogółem";"2024";30514679,79;"zł";"";
1201082;"Trzciana (2)";"miasta na prawach powiatu";"ogółem";"2024";0,00;"zł";"";
1201092;"Żegocina (2)";"gminy łącznie z miastami na prawach powiatu";"ogółem";"2024";33911369,22;"zł";"";
1201092;"Żegocina (2)";"gminy bez miast na prawach powiatu";"ogółem";"2024";33911369,22;"zł";"";
1201092;"Żegocina (2)";"miasta na prawach powiatu";"ogółem";"2024";0,00;"zł";"";
1202000;"Powiat brzeski";"gminy łącznie z miastami na prawach powiatu";"ogółem";"2024";291749373,99;"zł";"";
1202000;"Powiat brzeski";"gminy bez miast na prawach powiatu";"ogółem";"2024";291749373,99;"zł";"";
1202000;"Powiat brzeski";"miasta na prawach powiatu";"ogółem";"2024";0,00;"zł";"";
1202012;"Borzęcin (2)";"gminy łącznie z miastami na prawach powiatu";"ogółem";"2024";22734280,32;"zł";"";
1202012;"Borzęcin (2)";"gminy bez miast na prawach powiatu";"ogółem";"2024";22734280,32;"zł";"";
1202012;"Borzęcin (2)";"miasta na prawach powiatu";"ogółem";"2024";0,00;"zł";"";
1202023;"Brzesko (3)";"gminy łącznie z miastami na prawach powiatu";"ogółem";"2024";107043613,45;"zł";"";
1202023;"Brzesko (3)";"gminy bez miast na prawach powiatu";"ogółem";"2024";107043613,45;"zł";"";
1202023;"Brzesko (3)";"miasta na prawach powiatu";"ogółem";"2024";0,00;"zł";"";
1202033;"Czchów (3)";"gminy łącznie z miastami na prawach powiatu";"ogółem";"2024";39960148,93;"zł";"";
1202033;"Czchów (3)";"gminy bez miast na prawach powiatu";"ogółem";"2024";39960148,93;"zł";"";
1202033;"Czchów (3)";"miasta na prawach powiatu";"ogółem";"2024";0,00;"zł";"";
1202042;"Dębno (2)";"gminy łącznie z miastami na prawach powiatu";"ogółem";"2024";42922888,57;"zł";"";
1202042;"Dębno (2)";"gminy bez miast na prawach powiatu";"ogółem";"2024";42922888,57;"zł";"";
1202042;"Dębno (2)";"miasta na prawach powiatu";"ogółem";"2024";0,00;"zł";"";
1202052;"Gnojnik (2)";"gminy łącznie z miastami na prawach powiatu";"ogółem";"2024";27139430,05;"zł";"";
1202052;"Gnojnik (2)";"gminy bez miast na prawach powiatu";"ogółem";"2024";27139430,05;"zł";"";
1202052;"Gnojnik (2)";"miasta na prawach powiatu";"ogółem";"2024";0,00;"zł";"";
1202062;"Iwkowa (2)";"gminy łącznie z miastami na prawach powiatu";"ogółem";"2024";27092154,81;"zł";"";
1202062;"Iwkowa (2)";"gminy bez miast na prawach powiatu";"ogółem";"2024";27092154,81;"zł";"";
1202062;"Iwkowa (2)";"miasta na prawach powiatu";"ogółem";"2024";0,00;"zł";"";
1202072;"Szczurowa (2)";"gminy łącznie z miastami na prawach powiatu";"ogółem";"2024";24856857,86;"zł";"";
1202072;"Szczurowa (2)";"gminy bez miast na prawach powiatu";"ogółem";"2024";24856857,86;"zł";"";
1202072;"Szczurowa (2)";"miasta na prawach powiatu";"ogółem";"2024";0,00;"zł";"";
1203000;"Powiat chrzanowski";"gminy łącznie z miastami na prawach powiatu";"ogółem";"2024";292447758,41;"zł";"";
1203000;"Powiat chrzanowski";"gminy bez miast na prawach powiatu";"ogółem";"2024";292447758,41;"zł";"";
1203000;"Powiat chrzanowski";"miasta na prawach powiatu";"ogółem";"2024";0,00;"zł";"";
1203013;"Alwernia (3)";"gminy łącznie z miastami na prawach powiatu";"ogółem";"2024";36226087,18;"zł";"";
1203013;"Alwernia (3)";"gminy bez miast na prawach powiatu";"ogółem";"2024";36226087,18;"zł";"";
1203013;"Alwernia (3)";"miasta na prawach powiatu";"ogółem";"2024";0,00;"zł";"";
1203022;"Babice (2)";"gminy łącznie z miastami na prawach powiatu";"ogółem";"2024";21123528,00;"zł";"";
1203022;"Babice (2)";"gminy bez miast na prawach powiatu";"ogółem";"2024";21123528,00;"zł";"";
1203022;"Babice (2)";"miasta na prawach powiatu";"ogółem";"2024";0,00;"zł";"";
1203033;"Chrzanów (3)";"gminy łącznie z miastami na prawach powiatu";"ogółem";"2024";103109215,20;"zł";"";
1203033;"Chrzanów (3)";"gminy bez miast na prawach powiatu";"ogółem";"2024";103109215,20;"zł";"";
1203033;"Chrzanów (3)";"miasta na prawach powiatu";"ogółem";"2024";0,00;"zł";"";
1203043;"Libiąż (3)";"gminy łącznie z miastami na prawach powiatu";"ogółem";"2024";50644252,56;"zł";"";
1203043;"Libiąż (3)";"gminy bez miast na prawach powiatu";"ogółem";"2024";50644252,56;"zł";"";
1203043;"Libiąż (3)";"miasta na prawach powiatu";"ogółem";"2024";0,00;"zł";"";
1203053;"Trzebinia (3)";"gminy łącznie z miastami na prawach powiatu";"ogółem";"2024";81344675,47;"zł";"";
1203053;"Trzebinia (3)";"gminy bez miast na prawach powiatu";"ogółem";"2024";81344675,47;"zł";"";
1203053;"Trzebinia (3)";"miasta na prawach powiatu";"ogółem";"2024";0,00;"zł";"";
1204000;"Powiat dąbrowski";"gminy łącznie z miastami na prawach powiatu";"ogółem";"2024";162122864,67;"zł";"";
1204000;"Powiat dąbrowski";"gminy bez miast na prawach powiatu";"ogółem";"2024";162122864,67;"zł";"";
1204000;"Powiat dąbrowski";"miasta na prawach powiatu";"ogółem";"2024";0,00;"zł";"";
1204012;"Bolesław (2)";"gminy łącznie z miastami na prawach powiatu";"ogółem";"2024";4491381,11;"zł";"";
1204012;"Bolesław (2)";"gminy bez miast na prawach powiatu";"ogółem";"2024";4491381,11;"zł";"";
1204012;"Bolesław (2)";"miasta na prawach powiatu";"ogółem";"2024";0,00;"zł";"";
1204023;"Dąbrowa Tarnowska (3)";"gminy łącznie z miastami na prawach powiatu";"ogółem";"2024";52310128,83;"zł";"";
1204023;"Dąbrowa Tarnowska (3)";"gminy bez miast na prawach powiatu";"ogółem";"2024";52310128,83;"zł";"";
1204023;"Dąbrowa Tarnowska (3)";"miasta na prawach powiatu";"ogółem";"2024";0,00;"zł";"";
1204032;"Gręboszów (2)";"gminy łącznie z miastami na prawach powiatu";"ogółem";"2024";12693034,26;"zł";"";
1204032;"Gręboszów (2)";"gminy bez miast na prawach powiatu";"ogółem";"2024";12693034,26;"zł";"";
1204032;"Gręboszów (2)";"miasta na prawach powiatu";"ogółem";"2024";0,00;"zł";"";
1204042;"Mędrzechów (2)";"gminy łącznie z miastami na prawach powiatu";"ogółem";"2024";13345345,33;"zł";"";
1204042;"Mędrzechów (2)";"gminy bez miast na prawach powiatu";"ogółem";"2024";13345345,33;"zł";"";
1204042;"Mędrzechów (2)";"miasta na prawach powiatu";"ogółem";"2024";0,00;"zł";"";
1204052;"Olesno (2)";"gminy łącznie z miastami na prawach powiatu";"ogółem";"2024";18617721,11;"zł";"";
1204052;"Olesno (2)";"gminy bez miast na prawach powiatu";"ogółem";"2024";18617721,11;"zł";"";
1204052;"Olesno (2)";"miasta na prawach powiatu";"ogółem";"2024";0,00;"zł";"";
1204062;"Radgoszcz (2)";"gminy łącznie z miastami na prawach powiatu";"ogółem";"2024";19590571,24;"zł";"";
1204062;"Radgoszcz (2)";"gminy bez miast na prawach powiatu";"ogółem";"2024";19590571,24;"zł";"";
1204062;"Radgoszcz (2)";"miasta na prawach powiatu";"ogółem";"2024";0,00;"zł";"";
1204073;"Szczucin (3)";"gminy łącznie z miastami na prawach powiatu";"ogółem";"2024";41074682,79;"zł";"";
1204073;"Szczucin (3)";"gminy bez miast na prawach powiatu";"ogółem";"2024";41074682,79;"zł";"";
1204073;"Szczucin (3)";"miasta na prawach powiatu";"ogółem";"2024";0,00;"zł";"";
1205000;"Powiat gorlicki";"gminy łącznie z miastami na prawach powiatu";"ogółem";"2024";268758747,00;"zł";"";
1205000;"Powiat gorlicki";"gminy bez miast na prawach powiatu";"ogółem";"2024";268758747,00;"zł";"";
1205000;"Powiat gorlicki";"miasta na prawach powiatu";"ogółem";"2024";0,00;"zł";"";
1205011;"Gorlice (1)";"gminy łącznie z miastami na prawach powiatu";"ogółem";"2024";53821015,71;"zł";"";
1205011;"Gorlice (1)";"gminy bez miast na prawach powiatu";"ogółem";"2024";53821015,71;"zł";"";
1205011;"Gorlice (1)";"miasta na prawach powiatu";"ogółem";"2024";0,00;"zł";"";
1205023;"Biecz (3)";"gminy łącznie z miastami na prawach powiatu";"ogółem";"2024";42792688,53;"zł";"";
1205023;"Biecz (3)";"gminy bez miast na prawach powiatu";"ogółem";"2024";42792688,53;"zł";"";
1205023;"Biecz (3)";"miasta na prawach powiatu";"ogółem";"2024";0,00;"zł";"";
1205033;"Bobowa (3)";"gminy łącznie z miastami na prawach powiatu";"ogółem";"2024";26268311,14;"zł";"";
1205033;"Bobowa (3)";"gminy bez miast na prawach powiatu";"ogółem";"2024";26268311,14;"zł";"";
1205033;"Bobowa (3)";"miasta na prawach powiatu";"ogółem";"2024";0,00;"zł";"";
1205042;"Gorlice (2)";"gminy łącznie z miastami na prawach powiatu";"ogółem";"2024";46598278,07;"zł";"";
1205042;"Gorlice (2)";"gminy bez miast na prawach powiatu";"ogółem";"2024";46598278,07;"zł";"";
1205042;"Gorlice (2)";"miasta na prawach powiatu";"ogółem";"2024";0,00;"zł";"";
1205052;"Lipinki (2)";"gminy łącznie z miastami na prawach powiatu";"ogółem";"2024";16719691,18;"zł";"";
1205052;"Lipinki (2)";"gminy bez miast na prawach powiatu";"ogółem";"2024";16719691,18;"zł";"";
1205052;"Lipinki (2)";"miasta na prawach powiatu";"ogółem";"2024";0,00;"zł";"";
1205062;"Łużna (2)";"gminy łącznie z miastami na prawach powiatu";"ogółem";"2024";25755864,42;"zł";"";
1205062;"Łużna (2)";"gminy bez miast na prawach powiatu";"ogółem";"2024";25755864,42;"zł";"";
1205062;"Łużna (2)";"miasta na prawach powiatu";"ogółem";"2024";0,00;"zł";"";
1205072;"Moszczenica (2)";"gminy łącznie z miastami na prawach powiatu";"ogółem";"2024";10895916,37;"zł";"";
1205072;"Moszczenica (2)";"gminy bez miast na prawach powiatu";"ogółem";"2024";10895916,37;"zł";"";
1205072;"Moszczenica (2)";"miasta na prawach powiatu";"ogółem";"2024";0,00;"zł";"";
1205082;"Ropa (2)";"gminy łącznie z miastami na prawach powiatu";"ogółem";"2024";14329102,00;"zł";"";
1205082;"Ropa (2)";"gminy bez miast na prawach powiatu";"ogółem";"2024";14329102,00;"zł";"";
1205082;"Ropa (2)";"miasta na prawach powiatu";"ogółem";"2024";0,00;"zł";"";
1205092;"Sękowa (2)";"gminy łącznie z miastami na prawach powiatu";"ogółem";"2024";10318997,44;"zł";"";
1205092;"Sękowa (2)";"gminy bez miast na prawach powiatu";"ogółem";"2024";10318997,44;"zł";"";
1205092;"Sękowa (2)";"miasta na prawach powiatu";"ogółem";"2024";0,00;"zł";"";
1205102;"Uście Gorlickie (2)";"gminy łącznie z miastami na prawach powiatu";"ogółem";"2024";21258882,14;"zł";"";
1205102;"Uście Gorlickie (2)";"gminy bez miast na prawach powiatu";"ogółem";"2024";21258882,14;"zł";"";
1205102;"Uście Gorlickie (2)";"miasta na prawach powiatu";"ogółem";"2024";0,00;"zł";"";
1206000;"Powiat krakowski";"gminy łącznie z miastami na prawach powiatu";"ogółem";"2024";963839203,17;"zł";"";
1206000;"Powiat krakowski";"gminy bez miast na prawach powiatu";"ogółem";"2024";963839203,17;"zł";"";
1206000;"Powiat krakowski";"miasta na prawach powiatu";"ogółem";"2024";0,00;"zł";"";
1206012;"Czernichów (2)";"gminy łącznie z miastami na prawach powiatu";"ogółem";"2024";42545625,03;"zł";"";
1206012;"Czernichów (2)";"gminy bez miast na prawach powiatu";"ogółem";"2024";42545625,03;"zł";"";
1206012;"Czernichów (2)";"miasta na prawach powiatu";"ogółem";"2024";0,00;"zł";"";
1206022;"Igołomia-Wawrzeńczyce (2)";"gminy łącznie z miastami na prawach powiatu";"ogółem";"2024";17874506,99;"zł";"";
1206022;"Igołomia-Wawrzeńczyce (2)";"gminy bez miast na prawach powiatu";"ogółem";"2024";17874506,99;"zł";"";
1206022;"Igołomia-Wawrzeńczyce (2)";"miasta na prawach powiatu";"ogółem";"2024";0,00;"zł";"";
1206032;"Iwanowice (2)";"gminy łącznie z miastami na prawach powiatu";"ogółem";"2024";33175636,91;"zł";"";
1206032;"Iwanowice (2)";"gminy bez miast na prawach powiatu";"ogółem";"2024";33175636,91;"zł";"";
1206032;"Iwanowice (2)";"miasta na prawach powiatu";"ogółem";"2024";0,00;"zł";"";
1206042;"Jerzmanowice-Przeginia (2)";"gminy łącznie z miastami na prawach powiatu";"ogółem";"2024";30006835,87;"zł";"";
1206042;"Jerzmanowice-Przeginia (2)";"gminy bez miast na prawach powiatu";"ogółem";"2024";30006835,87;"zł";"";
1206042;"Jerzmanowice-Przeginia (2)";"miasta na prawach powiatu";"ogółem";"2024";0,00;"zł";"";
1206052;"Kocmyrzów-Luborzyca (2)";"gminy łącznie z miastami na prawach powiatu";"ogółem";"2024";50397360,92;"zł";"";
1206052;"Kocmyrzów-Luborzyca (2)";"gminy bez miast na prawach powiatu";"ogółem";"2024";50397360,92;"zł";"";
1206052;"Kocmyrzów-Luborzyca (2)";"miasta na prawach powiatu";"ogółem";"2024";0,00;"zł";"";
1206063;"Krzeszowice (3)";"gminy łącznie z miastami na prawach powiatu";"ogółem";"2024";90276901,87;"zł";"";
1206063;"Krzeszowice (3)";"gminy bez miast na prawach powiatu";"ogółem";"2024";90276901,87;"zł";"";
1206063;"Krzeszowice (3)";"miasta na prawach powiatu";"ogółem";"2024";0,00;"zł";"";
1206072;"Liszki (2)";"gminy łącznie z miastami na prawach powiatu";"ogółem";"2024";82576550,35;"zł";"";
1206072;"Liszki (2)";"gminy bez miast na prawach powiatu";"ogółem";"2024";82576550,35;"zł";"";
1206072;"Liszki (2)";"miasta na prawach powiatu";"ogółem";"2024";0,00;"zł";"";
1206082;"Michałowice (2)";"gminy łącznie z miastami na prawach powiatu";"ogółem";"2024";31826248,94;"zł";"";
1206082;"Michałowice (2)";"gminy bez miast na prawach powiatu";"ogółem";"2024";31826248,94;"zł";"";
1206082;"Michałowice (2)";"miasta na prawach powiatu";"ogółem";"2024";0,00;"zł";"";
1206092;"Mogilany (2)";"gminy łącznie z miastami na prawach powiatu";"ogółem";"2024";49996943,65;"zł";"";
1206092;"Mogilany (2)";"gminy bez miast na prawach powiatu";"ogółem";"2024";49996943,65;"zł";"";
1206092;"Mogilany (2)";"miasta na prawach powiatu";"ogółem";"2024";0,00;"zł";"";
1206103;"Skała (3)";"gminy łącznie z miastami na prawach powiatu";"ogółem";"2024";30887039,36;"zł";"";
1206103;"Skała (3)";"gminy bez miast na prawach powiatu";"ogółem";"2024";30887039,36;"zł";"";
1206103;"Skała (3)";"miasta na prawach powiatu";"ogółem";"2024";0,00;"zł";"";
1206113;"Skawina (3)";"gminy łącznie z miastami na prawach powiatu";"ogółem";"2024";158079299,59;"zł";"";
1206113;"Skawina (3)";"gminy bez miast na prawach powiatu";"ogółem";"2024";158079299,59;"zł";"";
1206113;"Skawina (3)";"miasta na prawach powiatu";"ogółem";"2024";0,00;"zł";"";
1206123;"Słomniki (3)";"gminy łącznie z miastami na prawach powiatu";"ogółem";"2024";44556643,25;"zł";"";
1206123;"Słomniki (3)";"gminy bez miast na prawach powiatu";"ogółem";"2024";44556643,25;"zł";"";
1206123;"Słomniki (3)";"miasta na prawach powiatu";"ogółem";"2024";0,00;"zł";"";
1206132;"Sułoszowa (2)";"gminy łącznie z miastami na prawach powiatu";"ogółem";"2024";21398527,57;"zł";"";
1206132;"Sułoszowa (2)";"gminy bez miast na prawach powiatu";"ogółem";"2024";21398527,57;"zł";"";
1206132;"Sułoszowa (2)";"miasta na prawach powiatu";"ogółem";"2024";0,00;"zł";"";
1206143;"Świątniki Górne (3)";"gminy łącznie z miastami na prawach powiatu";"ogółem";"2024";48321367,52;"zł";"";
1206143;"Świątniki Górne (3)";"gminy bez miast na prawach powiatu";"ogółem";"2024";48321367,52;"zł";"";
1206143;"Świątniki Górne (3)";"miasta na prawach powiatu";"ogółem";"2024";0,00;"zł";"";
1206152;"Wielka Wieś (2)";"gminy łącznie z miastami na prawach powiatu";"ogółem";"2024";54706935,67;"zł";"";
1206152;"Wielka Wieś (2)";"gminy bez miast na prawach powiatu";"ogółem";"2024";54706935,67;"zł";"";
1206152;"Wielka Wieś (2)";"miasta na prawach powiatu";"ogółem";"2024";0,00;"zł";"";
1206162;"Zabierzów (2)";"gminy łącznie z miastami na prawach powiatu";"ogółem";"2024";100258880,80;"zł";"";
1206162;"Zabierzów (2)";"gminy bez miast na prawach powiatu";"ogółem";"2024";100258880,80;"zł";"";
1206162;"Zabierzów (2)";"miasta na prawach powiatu";"ogółem";"2024";0,00;"zł";"";
1206172;"Zielonki (2)";"gminy łącznie z miastami na prawach powiatu";"ogółem";"2024";76953898,88;"zł";"";
1206172;"Zielonki (2)";"gminy bez miast na prawach powiatu";"ogółem";"2024";76953898,88;"zł";"";
1206172;"Zielonki (2)";"miasta na prawach powiatu";"ogółem";"2024";0,00;"zł";"";
1207000;"Powiat limanowski";"gminy łącznie z miastami na prawach powiatu";"ogółem";"2024";425998260,35;"zł";"";
1207000;"Powiat limanowski";"gminy bez miast na prawach powiatu";"ogółem";"2024";425998260,35;"zł";"";
1207000;"Powiat limanowski";"miasta na prawach powiatu";"ogółem";"2024";0,00;"zł";"";
1207011;"Limanowa (1)";"gminy łącznie z miastami na prawach powiatu";"ogółem";"2024";45079710,11;"zł";"";
1207011;"Limanowa (1)";"gminy bez miast na prawach powiatu";"ogółem";"2024";45079710,11;"zł";"";
1207011;"Limanowa (1)";"miasta na prawach powiatu";"ogółem";"2024";0,00;"zł";"";
1207021;"Mszana Dolna (1)";"gminy łącznie z miastami na prawach powiatu";"ogółem";"2024";24959624,17;"zł";"";
1207021;"Mszana Dolna (1)";"gminy bez miast na prawach powiatu";"ogółem";"2024";24959624,17;"zł";"";
1207021;"Mszana Dolna (1)";"miasta na prawach powiatu";"ogółem";"2024";0,00;"zł";"";
1207032;"Dobra (2)";"gminy łącznie z miastami na prawach powiatu";"ogółem";"2024";42937665,55;"zł";"";
1207032;"Dobra (2)";"gminy bez miast na prawach powiatu";"ogółem";"2024";42937665,55;"zł";"";
1207032;"Dobra (2)";"miasta na prawach powiatu";"ogółem";"2024";0,00;"zł";"";
1207042;"Jodłownik (2)";"gminy łącznie z miastami na prawach powiatu";"ogółem";"2024";26466613,46;"zł";"";
1207042;"Jodłownik (2)";"gminy bez miast na prawach powiatu";"ogółem";"2024";26466613,46;"zł";"";
1207042;"Jodłownik (2)";"miasta na prawach powiatu";"ogółem";"2024";0,00;"zł";"";
1207052;"Kamienica (2)";"gminy łącznie z miastami na prawach powiatu";"ogółem";"2024";23909001,48;"zł";"";
1207052;"Kamienica (2)";"gminy bez miast na prawach powiatu";"ogółem";"2024";23909001,48;"zł";"";
1207052;"Kamienica (2)";"miasta na prawach powiatu";"ogółem";"2024";0,00;"zł";"";
1207062;"Laskowa (2)";"gminy łącznie z miastami na prawach powiatu";"ogółem";"2024";28152113,26;"zł";"";
1207062;"Laskowa (2)";"gminy bez miast na prawach powiatu";"ogółem";"2024";28152113,26;"zł";"";
1207062;"Laskowa (2)";"miasta na prawach powiatu";"ogółem";"2024";0,00;"zł";"";
1207072;"Limanowa (2)";"gminy łącznie z miastami na prawach powiatu";"ogółem";"2024";77724095,85;"zł";"";
1207072;"Limanowa (2)";"gminy bez miast na prawach powiatu";"ogółem";"2024";77724095,85;"zł";"";
1207072;"Limanowa (2)";"miasta na prawach powiatu";"ogółem";"2024";0,00;"zł";"";
1207082;"Łukowica (2)";"gminy łącznie z miastami na prawach powiatu";"ogółem";"2024";32502455,72;"zł";"";
1207082;"Łukowica (2)";"gminy bez miast na prawach powiatu";"ogółem";"2024";32502455,72;"zł";"";
1207082;"Łukowica (2)";"miasta na prawach powiatu";"ogółem";"2024";0,00;"zł";"";
1207092;"Mszana Dolna (2)";"gminy łącznie z miastami na prawach powiatu";"ogółem";"2024";50163732,93;"zł";"";
1207092;"Mszana Dolna (2)";"gminy bez miast na prawach powiatu";"ogółem";"2024";50163732,93;"zł";"";
1207092;"Mszana Dolna (2)";"miasta na prawach powiatu";"ogółem";"2024";0,00;"zł";"";
1207102;"Niedźwiedź (2)";"gminy łącznie z miastami na prawach powiatu";"ogółem";"2024";31003139,44;"zł";"";
1207102;"Niedźwiedź (2)";"gminy bez miast na prawach powiatu";"ogółem";"2024";31003139,44;"zł";"";
1207102;"Niedźwiedź (2)";"miasta na prawach powiatu";"ogółem";"2024";0,00;"zł";"";
1207112;"Słopnice (2)";"gminy łącznie z miastami na prawach powiatu";"ogółem";"2024";22126971,82;"zł";"";
1207112;"Słopnice (2)";"gminy bez miast na prawach powiatu";"ogółem";"2024";22126971,82;"zł";"";
1207112;"Słopnice (2)";"miasta na prawach powiatu";"ogółem";"2024";0,00;"zł";"";
1207122;"Tymbark (2)";"gminy łącznie z miastami na prawach powiatu";"ogółem";"2024";20973136,56;"zł";"";
1207122;"Tymbark (2)";"gminy bez miast na prawach powiatu";"ogółem";"2024";20973136,56;"zł";"";
1207122;"Tymbark (2)";"miasta na prawach powiatu";"ogółem";"2024";0,00;"zł";"";
1208000;"Powiat miechowski";"gminy łącznie z miastami na prawach powiatu";"ogółem";"2024";108211491,71;"zł";"";
1208000;"Powiat miechowski";"gminy bez miast na prawach powiatu";"ogółem";"2024";108211491,71;"zł";"";
1208000;"Powiat miechowski";"miasta na prawach powiatu";"ogółem";"2024";0,00;"zł";"";
1208012;"Charsznica (2)";"gminy łącznie z miastami na prawach powiatu";"ogółem";"2024";18207480,89;"zł";"";
1208012;"Charsznica (2)";"gminy bez miast na prawach powiatu";"ogółem";"2024";18207480,89;"zł";"";
1208012;"Charsznica (2)";"miasta na prawach powiatu";"ogółem";"2024";0,00;"zł";"";
1208022;"Gołcza (2)";"gminy łącznie z miastami na prawach powiatu";"ogółem";"2024";12152433,93;"zł";"";
1208022;"Gołcza (2)";"gminy bez miast na prawach powiatu";"ogółem";"2024";12152433,93;"zł";"";
1208022;"Gołcza (2)";"miasta na prawach powiatu";"ogółem";"2024";0,00;"zł";"";
1208032;"Kozłów (2)";"gminy łącznie z miastami na prawach powiatu";"ogółem";"2024";8651186,00;"zł";"";
1208032;"Kozłów (2)";"gminy bez miast na prawach powiatu";"ogółem";"2024";8651186,00;"zł";"";
1208032;"Kozłów (2)";"miasta na prawach powiatu";"ogółem";"2024";0,00;"zł";"";
1208043;"Książ Wielki (3)";"gminy łącznie z miastami na prawach powiatu";"ogółem";"2024";11524771,90;"zł";"";
1208043;"Książ Wielki (3)";"gminy bez miast na prawach powiatu";"ogółem";"2024";11524771,90;"zł";"";
1208043;"Książ Wielki (3)";"miasta na prawach powiatu";"ogółem";"2024";0,00;"zł";"";
1208053;"Miechów (3)";"gminy łącznie z miastami na prawach powiatu";"ogółem";"2024";40652207,84;"zł";"";
1208053;"Miechów (3)";"gminy bez miast na prawach powiatu";"ogółem";"2024";40652207,84;"zł";"";
1208053;"Miechów (3)";"miasta na prawach powiatu";"ogółem";"2024";0,00;"zł";"";
1208062;"Racławice (2)";"gminy łącznie z miastami na prawach powiatu";"ogółem";"2024";8952699,88;"zł";"";
1208062;"Racławice (2)";"gminy bez miast na prawach powiatu";"ogółem";"2024";8952699,88;"zł";"";
1208062;"Racławice (2)";"miasta na prawach powiatu";"ogółem";"2024";0,00;"zł";"";
1208072;"Słaboszów (2)";"gminy łącznie z miastami na prawach powiatu";"ogółem";"2024";8070711,27;"zł";"";
1208072;"Słaboszów (2)";"gminy bez miast na prawach powiatu";"ogółem";"2024";8070711,27;"zł";"";
1208072;"Słaboszów (2)";"miasta na prawach powiatu";"ogółem";"2024";0,00;"zł";"";
1209000;"Powiat myślenicki";"gminy łącznie z miastami na prawach powiatu";"ogółem";"2024";436449544,71;"zł";"";
1209000;"Powiat myślenicki";"gminy bez miast na prawach powiatu";"ogółem";"2024";436449544,71;"zł";"";
1209000;"Powiat myślenicki";"miasta na prawach powiatu";"ogółem";"2024";0,00;"zł";"";
1209013;"Dobczyce (3)";"gminy łącznie z miastami na prawach powiatu";"ogółem";"2024";51640206,11;"zł";"";
1209013;"Dobczyce (3)";"gminy bez miast na prawach powiatu";"ogółem";"2024";51640206,11;"zł";"";
1209013;"Dobczyce (3)";"miasta na prawach powiatu";"ogółem";"2024";0,00;"zł";"";
1209022;"Lubień (2)";"gminy łącznie z miastami na prawach powiatu";"ogółem";"2024";29613592,93;"zł";"";
1209022;"Lubień (2)";"gminy bez miast na prawach powiatu";"ogółem";"2024";29613592,93;"zł";"";
1209022;"Lubień (2)";"miasta na prawach powiatu";"ogółem";"2024";0,00;"zł";"";
1209033;"Myślenice (3)";"gminy łącznie z miastami na prawach powiatu";"ogółem";"2024";155629608,68;"zł";"";
1209033;"Myślenice (3)";"gminy bez miast na prawach powiatu";"ogółem";"2024";155629608,68;"zł";"";
1209033;"Myślenice (3)";"miasta na prawach powiatu";"ogółem";"2024";0,00;"zł";"";
1209042;"Pcim (2)";"gminy łącznie z miastami na prawach powiatu";"ogółem";"2024";30834523,35;"zł";"";
1209042;"Pcim (2)";"gminy bez miast na prawach powiatu";"ogółem";"2024";30834523,35;"zł";"";
1209042;"Pcim (2)";"miasta na prawach powiatu";"ogółem";"2024";0,00;"zł";"";
1209052;"Raciechowice (2)";"gminy łącznie z miastami na prawach powiatu";"ogółem";"2024";32726773,25;"zł";"";
1209052;"Raciechowice (2)";"gminy bez miast na prawach powiatu";"ogółem";"2024";32726773,25;"zł";"";
1209052;"Raciechowice (2)";"miasta na prawach powiatu";"ogółem";"2024";0,00;"zł";"";
1209062;"Siepraw (2)";"gminy łącznie z miastami na prawach powiatu";"ogółem";"2024";34816245,84;"zł";"";
1209062;"Siepraw (2)";"gminy bez miast na prawach powiatu";"ogółem";"2024";34816245,84;"zł";"";
1209062;"Siepraw (2)";"miasta na prawach powiatu";"ogółem";"2024";0,00;"zł";"";
1209073;"Sułkowice (3)";"gminy łącznie z miastami na prawach powiatu";"ogółem";"2024";46429982,58;"zł";"";
1209073;"Sułkowice (3)";"gminy bez miast na prawach powiatu";"ogółem";"2024";46429982,58;"zł";"";
1209073;"Sułkowice (3)";"miasta na prawach powiatu";"ogółem";"2024";0,00;"zł";"";
1209082;"Tokarnia (2)";"gminy łącznie z miastami na prawach powiatu";"ogółem";"2024";27073226,28;"zł";"";
1209082;"Tokarnia (2)";"gminy bez miast na prawach powiatu";"ogółem";"2024";27073226,28;"zł";"";
1209082;"Tokarnia (2)";"miasta na prawach powiatu";"ogółem";"2024";0,00;"zł";"";
1209092;"Wiśniowa (2)";"gminy łącznie z miastami na prawach powiatu";"ogółem";"2024";27685385,69;"zł";"";
1209092;"Wiśniowa (2)";"gminy bez miast na prawach powiatu";"ogółem";"2024";27685385,69;"zł";"";
1209092;"Wiśniowa (2)";"miasta na prawach powiatu";"ogółem";"2024";0,00;"zł";"";
1210000;"Powiat nowosądecki";"gminy łącznie z miastami na prawach powiatu";"ogółem";"2024";629716755,02;"zł";"";
1210000;"Powiat nowosądecki";"gminy bez miast na prawach powiatu";"ogółem";"2024";629716755,02;"zł";"";
1210000;"Powiat nowosądecki";"miasta na prawach powiatu";"ogółem";"2024";0,00;"zł";"";
1210011;"Grybów (1)";"gminy łącznie z miastami na prawach powiatu";"ogółem";"2024";16792943,76;"zł";"";
1210011;"Grybów (1)";"gminy bez miast na prawach powiatu";"ogółem";"2024";16792943,76;"zł";"";
1210011;"Grybów (1)";"miasta na prawach powiatu";"ogółem";"2024";0,00;"zł";"";
1210022;"Chełmiec (2)";"gminy łącznie z miastami na prawach powiatu";"ogółem";"2024";83125343,61;"zł";"";
1210022;"Chełmiec (2)";"gminy bez miast na prawach powiatu";"ogółem";"2024";83125343,61;"zł";"";
1210022;"Chełmiec (2)";"miasta na prawach powiatu";"ogółem";"2024";0,00;"zł";"";
1210032;"Gródek nad Dunajcem (2)";"gminy łącznie z miastami na prawach powiatu";"ogółem";"2024";30222879,62;"zł";"";
1210032;"Gródek nad Dunajcem (2)";"gminy bez miast na prawach powiatu";"ogółem";"2024";30222879,62;"zł";"";
1210032;"Gródek nad Dunajcem (2)";"miasta na prawach powiatu";"ogółem";"2024";0,00;"zł";"";
1210042;"Grybów (2)";"gminy łącznie z miastami na prawach powiatu";"ogółem";"2024";89214901,42;"zł";"";
1210042;"Grybów (2)";"gminy bez miast na prawach powiatu";"ogółem";"2024";89214901,42;"zł";"";
1210042;"Grybów (2)";"miasta na prawach powiatu";"ogółem";"2024";0,00;"zł";"";
1210052;"Kamionka Wielka (2)";"gminy łącznie z miastami na prawach powiatu";"ogółem";"2024";33387872,37;"zł";"";
1210052;"Kamionka Wielka (2)";"gminy bez miast na prawach powiatu";"ogółem";"2024";33387872,37;"zł";"";
1210052;"Kamionka Wielka (2)";"miasta na prawach powiatu";"ogółem";"2024";0,00;"zł";"";
1210062;"Korzenna (2)";"gminy łącznie z miastami na prawach powiatu";"ogółem";"2024";44168884,92;"zł";"";
1210062;"Korzenna (2)";"gminy bez miast na prawach powiatu";"ogółem";"2024";44168884,92;"zł";"";
1210062;"Korzenna (2)";"miasta na prawach powiatu";"ogółem";"2024";0,00;"zł";"";
1210073;"Krynica-Zdrój (3)";"gminy łącznie z miastami na prawach powiatu";"ogółem";"2024";40060280,49;"zł";"";
1210073;"Krynica-Zdrój (3)";"gminy bez miast na prawach powiatu";"ogółem";"2024";40060280,49;"zł";"";
1210073;"Krynica-Zdrój (3)";"miasta na prawach powiatu";"ogółem";"2024";0,00;"zł";"";
1210082;"Łabowa (2)";"gminy łącznie z miastami na prawach powiatu";"ogółem";"2024";19667063,05;"zł";"";
1210082;"Łabowa (2)";"gminy bez miast na prawach powiatu";"ogółem";"2024";19667063,05;"zł";"";
1210082;"Łabowa (2)";"miasta na prawach powiatu";"ogółem";"2024";0,00;"zł";"";
1210092;"Łącko (2)";"gminy łącznie z miastami na prawach powiatu";"ogółem";"2024";53698212,07;"zł";"";
1210092;"Łącko (2)";"gminy bez miast na prawach powiatu";"ogółem";"2024";53698212,07;"zł";"";
1210092;"Łącko (2)";"miasta na prawach powiatu";"ogółem";"2024";0,00;"zł";"";
1210102;"Łososina Dolna (2)";"gminy łącznie z miastami na prawach powiatu";"ogółem";"2024";32872869,72;"zł";"";
1210102;"Łososina Dolna (2)";"gminy bez miast na prawach powiatu";"ogółem";"2024";32872869,72;"zł";"";
1210102;"Łososina Dolna (2)";"miasta na prawach powiatu";"ogółem";"2024";0,00;"zł";"";
1210113;"Muszyna (3)";"gminy łącznie z miastami na prawach powiatu";"ogółem";"2024";28616233,86;"zł";"";
1210113;"Muszyna (3)";"gminy bez miast na prawach powiatu";"ogółem";"2024";28616233,86;"zł";"";
1210113;"Muszyna (3)";"miasta na prawach powiatu";"ogółem";"2024";0,00;"zł";"";
1210122;"Nawojowa (2)";"gminy łącznie z miastami na prawach powiatu";"ogółem";"2024";21747498,78;"zł";"";
1210122;"Nawojowa (2)";"gminy bez miast na prawach powiatu";"ogółem";"2024";21747498,78;"zł";"";
1210122;"Nawojowa (2)";"miasta na prawach powiatu";"ogółem";"2024";0,00;"zł";"";
1210133;"Piwniczna-Zdrój (3)";"gminy łącznie z miastami na prawach powiatu";"ogółem";"2024";26416072,48;"zł";"";
1210133;"Piwniczna-Zdrój (3)";"gminy bez miast na prawach powiatu";"ogółem";"2024";26416072,48;"zł";"";
1210133;"Piwniczna-Zdrój (3)";"miasta na prawach powiatu";"ogółem";"2024";0,00;"zł";"";
1210142;"Podegrodzie (2)";"gminy łącznie z miastami na prawach powiatu";"ogółem";"2024";41918398,54;"zł";"";
1210142;"Podegrodzie (2)";"gminy bez miast na prawach powiatu";"ogółem";"2024";41918398,54;"zł";"";
1210142;"Podegrodzie (2)";"miasta na prawach powiatu";"ogółem";"2024";0,00;"zł";"";
1210152;"Rytro (2)";"gminy łącznie z miastami na prawach powiatu";"ogółem";"2024";11374934,14;"zł";"";
1210152;"Rytro (2)";"gminy bez miast na prawach powiatu";"ogółem";"2024";11374934,14;"zł";"";
1210152;"Rytro (2)";"miasta na prawach powiatu";"ogółem";"2024";0,00;"zł";"";
1210163;"Stary Sącz (3)";"gminy łącznie z miastami na prawach powiatu";"ogółem";"2024";56432366,19;"zł";"";
1210163;"Stary Sącz (3)";"gminy bez miast na prawach powiatu";"ogółem";"2024";56432366,19;"zł";"";
1210163;"Stary Sącz (3)";"miasta na prawach powiatu";"ogółem";"2024";0,00;"zł";"";
1211000;"Powiat nowotarski";"gminy łącznie z miastami na prawach powiatu";"ogółem";"2024";533515828,82;"zł";"";
1211000;"Powiat nowotarski";"gminy bez miast na prawach powiatu";"ogółem";"2024";533515828,82;"zł";"";
1211000;"Powiat nowotarski";"miasta na prawach powiatu";"ogółem";"2024";0,00;"zł";"";
1211011;"Nowy Targ (1)";"gminy łącznie z miastami na prawach powiatu";"ogółem";"2024";72257479,53;"zł";"";
1211011;"Nowy Targ (1)";"gminy bez miast na prawach powiatu";"ogółem";"2024";72257479,53;"zł";"";
1211011;"Nowy Targ (1)";"miasta na prawach powiatu";"ogółem";"2024";0,00;"zł";"";
1211023;"Szczawnica (3)";"gminy łącznie z miastami na prawach powiatu";"ogółem";"2024";15889434,30;"zł";"";
1211023;"Szczawnica (3)";"gminy bez miast na prawach powiatu";"ogółem";"2024";15889434,30;"zł";"";
1211023;"Szczawnica (3)";"miasta na prawach powiatu";"ogółem";"2024";0,00;"zł";"";
1211033;"Czarny Dunajec (3)";"gminy łącznie z miastami na prawach powiatu";"ogółem";"2024";80163181,65;"zł";"";
1211033;"Czarny Dunajec (3)";"gminy bez miast na prawach powiatu";"ogółem";"2024";80163181,65;"zł";"";
1211033;"Czarny Dunajec (3)";"miasta na prawach powiatu";"ogółem";"2024";0,00;"zł";"";
1211042;"Czorsztyn (2)";"gminy łącznie z miastami na prawach powiatu";"ogółem";"2024";20725924,15;"zł";"";
1211042;"Czorsztyn (2)";"gminy bez miast na prawach powiatu";"ogółem";"2024";20725924,15;"zł";"";
1211042;"Czorsztyn (2)";"miasta na prawach powiatu";"ogółem";"2024";0,00;"zł";"";
1211052;"Jabłonka (2)";"gminy łącznie z miastami na prawach powiatu";"ogółem";"2024";59848710,61;"zł";"";
1211052;"Jabłonka (2)";"gminy bez miast na prawach powiatu";"ogółem";"2024";59848710,61;"zł";"";
1211052;"Jabłonka (2)";"miasta na prawach powiatu";"ogółem";"2024";0,00;"zł";"";
1211062;"Krościenko nad Dunajcem (2)";"gminy łącznie z miastami na prawach powiatu";"ogółem";"2024";18601849,62;"zł";"";
1211062;"Krościenko nad Dunajcem (2)";"gminy bez miast na prawach powiatu";"ogółem";"2024";18601849,62;"zł";"";
1211062;"Krościenko nad Dunajcem (2)";"miasta na prawach powiatu";"ogółem";"2024";0,00;"zł";"";
1211072;"Lipnica Wielka (2)";"gminy łącznie z miastami na prawach powiatu";"ogółem";"2024";29108716,34;"zł";"";
1211072;"Lipnica Wielka (2)";"gminy bez miast na prawach powiatu";"ogółem";"2024";29108716,34;"zł";"";
1211072;"Lipnica Wielka (2)";"miasta na prawach powiatu";"ogółem";"2024";0,00;"zł";"";
1211082;"Łapsze Niżne (2)";"gminy łącznie z miastami na prawach powiatu";"ogółem";"2024";27928779,01;"zł";"";
1211082;"Łapsze Niżne (2)";"gminy bez miast na prawach powiatu";"ogółem";"2024";27928779,01;"zł";"";
1211082;"Łapsze Niżne (2)";"miasta na prawach powiatu";"ogółem";"2024";0,00;"zł";"";
1211092;"Nowy Targ (2)";"gminy łącznie z miastami na prawach powiatu";"ogółem";"2024";61661187,77;"zł";"";
1211092;"Nowy Targ (2)";"gminy bez miast na prawach powiatu";"ogółem";"2024";61661187,77;"zł";"";
1211092;"Nowy Targ (2)";"miasta na prawach powiatu";"ogółem";"2024";0,00;"zł";"";
1211102;"Ochotnica Dolna (2)";"gminy łącznie z miastami na prawach powiatu";"ogółem";"2024";21857333,66;"zł";"";
1211102;"Ochotnica Dolna (2)";"gminy bez miast na prawach powiatu";"ogółem";"2024";21857333,66;"zł";"";
1211102;"Ochotnica Dolna (2)";"miasta na prawach powiatu";"ogółem";"2024";0,00;"zł";"";
1211112;"Raba Wyżna (2)";"gminy łącznie z miastami na prawach powiatu";"ogółem";"2024";43156004,44;"zł";"";
1211112;"Raba Wyżna (2)";"gminy bez miast na prawach powiatu";"ogółem";"2024";43156004,44;"zł";"";
1211112;"Raba Wyżna (2)";"miasta na prawach powiatu";"ogółem";"2024";0,00;"zł";"";
1211123;"Rabka-Zdrój (3)";"gminy łącznie z miastami na prawach powiatu";"ogółem";"2024";40030545,56;"zł";"";
1211123;"Rabka-Zdrój (3)";"gminy bez miast na prawach powiatu";"ogółem";"2024";40030545,56;"zł";"";
1211123;"Rabka-Zdrój (3)";"miasta na prawach powiatu";"ogółem";"2024";0,00;"zł";"";
1211132;"Spytkowice (2)";"gminy łącznie z miastami na prawach powiatu";"ogółem";"2024";14326604,70;"zł";"";
1211132;"Spytkowice (2)";"gminy bez miast na prawach powiatu";"ogółem";"2024";14326604,70;"zł";"";
1211132;"Spytkowice (2)";"miasta na prawach powiatu";"ogółem";"2024";0,00;"zł";"";
1211142;"Szaflary (2)";"gminy łącznie z miastami na prawach powiatu";"ogółem";"2024";27960077,48;"zł";"";
1211142;"Szaflary (2)";"gminy bez miast na prawach powiatu";"ogółem";"2024";27960077,48;"zł";"";
1211142;"Szaflary (2)";"miasta na prawach powiatu";"ogółem";"2024";0,00;"zł";"";
1212000;"Powiat olkuski";"gminy łącznie z miastami na prawach powiatu";"ogółem";"2024";277895316,79;"zł";"";
1212000;"Powiat olkuski";"gminy bez miast na prawach powiatu";"ogółem";"2024";277895316,79;"zł";"";
1212000;"Powiat olkuski";"miasta na prawach powiatu";"ogółem";"2024";0,00;"zł";"";
1212011;"Bukowno (1)";"gminy łącznie z miastami na prawach powiatu";"ogółem";"2024";25081016,18;"zł";"";
1212011;"Bukowno (1)";"gminy bez miast na prawach powiatu";"ogółem";"2024";25081016,18;"zł";"";
1212011;"Bukowno (1)";"miasta na prawach powiatu";"ogółem";"2024";0,00;"zł";"";
1212032;"Bolesław (2)";"gminy łącznie z miastami na prawach powiatu";"ogółem";"2024";20918007,77;"zł";"";
1212032;"Bolesław (2)";"gminy bez miast na prawach powiatu";"ogółem";"2024";20918007,77;"zł";"";
1212032;"Bolesław (2)";"miasta na prawach powiatu";"ogółem";"2024";0,00;"zł";"";
1212042;"Klucze (2)";"gminy łącznie z miastami na prawach powiatu";"ogółem";"2024";39968363,49;"zł";"";
1212042;"Klucze (2)";"gminy bez miast na prawach powiatu";"ogółem";"2024";39968363,49;"zł";"";
1212042;"Klucze (2)";"miasta na prawach powiatu";"ogółem";"2024";0,00;"zł";"";
1212053;"Olkusz (3)";"gminy łącznie z miastami na prawach powiatu";"ogółem";"2024";124579145,34;"zł";"";
1212053;"Olkusz (3)";"gminy bez miast na prawach powiatu";"ogółem";"2024";124579145,34;"zł";"";
1212053;"Olkusz (3)";"miasta na prawach powiatu";"ogółem";"2024";0,00;"zł";"";
1212062;"Trzyciąż (2)";"gminy łącznie z miastami na prawach powiatu";"ogółem";"2024";12931975,53;"zł";"";
1212062;"Trzyciąż (2)";"gminy bez miast na prawach powiatu";"ogółem";"2024";12931975,53;"zł";"";
1212062;"Trzyciąż (2)";"miasta na prawach powiatu";"ogółem";"2024";0,00;"zł";"";
1212073;"Wolbrom (3)";"gminy łącznie z miastami na prawach powiatu";"ogółem";"2024";54416808,48;"zł";"";
1212073;"Wolbrom (3)";"gminy bez miast na prawach powiatu";"ogółem";"2024";54416808,48;"zł";"";
1212073;"Wolbrom (3)";"miasta na prawach powiatu";"ogółem";"2024";0,00;"zł";"";
1213000;"Powiat oświęcimski";"gminy łącznie z miastami na prawach powiatu";"ogółem";"2024";438650490,80;"zł";"";
1213000;"Powiat oświęcimski";"gminy bez miast na prawach powiatu";"ogółem";"2024";438650490,80;"zł";"";
1213000;"Powiat oświęcimski";"miasta na prawach powiatu";"ogółem";"2024";0,00;"zł";"";
1213011;"Oświęcim (1)";"gminy łącznie z miastami na prawach powiatu";"ogółem";"2024";93652573,23;"zł";"";
1213011;"Oświęcim (1)";"gminy bez miast na prawach powiatu";"ogółem";"2024";93652573,23;"zł";"";
1213011;"Oświęcim (1)";"miasta na prawach powiatu";"ogółem";"2024";0,00;"zł";"";
1213023;"Brzeszcze (3)";"gminy łącznie z miastami na prawach powiatu";"ogółem";"2024";62995257,02;"zł";"";
1213023;"Brzeszcze (3)";"gminy bez miast na prawach powiatu";"ogółem";"2024";62995257,02;"zł";"";
1213023;"Brzeszcze (3)";"miasta na prawach powiatu";"ogółem";"2024";0,00;"zł";"";
1213033;"Chełmek (3)";"gminy łącznie z miastami na prawach powiatu";"ogółem";"2024";32954464,02;"zł";"";
1213033;"Chełmek (3)";"gminy bez miast na prawach powiatu";"ogółem";"2024";32954464,02;"zł";"";
1213033;"Chełmek (3)";"miasta na prawach powiatu";"ogółem";"2024";0,00;"zł";"";
1213043;"Kęty (3)";"gminy łącznie z miastami na prawach powiatu";"ogółem";"2024";94168808,41;"zł";"";
1213043;"Kęty (3)";"gminy bez miast na prawach powiatu";"ogółem";"2024";94168808,41;"zł";"";
1213043;"Kęty (3)";"miasta na prawach powiatu";"ogółem";"2024";0,00;"zł";"";
1213052;"Osiek (2)";"gminy łącznie z miastami na prawach powiatu";"ogółem";"2024";28589654,49;"zł";"";
1213052;"Osiek (2)";"gminy bez miast na prawach powiatu";"ogółem";"2024";28589654,49;"zł";"";
1213052;"Osiek (2)";"miasta na prawach powiatu";"ogółem";"2024";0,00;"zł";"";
1213062;"Oświęcim (2)";"gminy łącznie z miastami na prawach powiatu";"ogółem";"2024";67302873,97;"zł";"";
1213062;"Oświęcim (2)";"gminy bez miast na prawach powiatu";"ogółem";"2024";67302873,97;"zł";"";
1213062;"Oświęcim (2)";"miasta na prawach powiatu";"ogółem";"2024";0,00;"zł";"";
1213072;"Polanka Wielka (2)";"gminy łącznie z miastami na prawach powiatu";"ogółem";"2024";11048719,27;"zł";"";
1213072;"Polanka Wielka (2)";"gminy bez miast na prawach powiatu";"ogółem";"2024";11048719,27;"zł";"";
1213072;"Polanka Wielka (2)";"miasta na prawach powiatu";"ogółem";"2024";0,00;"zł";"";
1213082;"Przeciszów (2)";"gminy łącznie z miastami na prawach powiatu";"ogółem";"2024";17102980,20;"zł";"";
1213082;"Przeciszów (2)";"gminy bez miast na prawach powiatu";"ogółem";"2024";17102980,20;"zł";"";
1213082;"Przeciszów (2)";"miasta na prawach powiatu";"ogółem";"2024";0,00;"zł";"";
1213093;"Zator (3)";"gminy łącznie z miastami na prawach powiatu";"ogółem";"2024";30835160,19;"zł";"";
1213093;"Zator (3)";"gminy bez miast na prawach powiatu";"ogółem";"2024";30835160,19;"zł";"";
1213093;"Zator (3)";"miasta na prawach powiatu";"ogółem";"2024";0,00;"zł";"";
1214000;"Powiat proszowicki";"gminy łącznie z miastami na prawach powiatu";"ogółem";"2024";109222488,37;"zł";"";
1214000;"Powiat proszowicki";"gminy bez miast na prawach powiatu";"ogółem";"2024";109222488,37;"zł";"";
1214000;"Powiat proszowicki";"miasta na prawach powiatu";"ogółem";"2024";0,00;"zł";"";
1214012;"Koniusza (2)";"gminy łącznie z miastami na prawach powiatu";"ogółem";"2024";24533217,51;"zł";"";
1214012;"Koniusza (2)";"gminy bez miast na prawach powiatu";"ogółem";"2024";24533217,51;"zł";"";
1214012;"Koniusza (2)";"miasta na prawach powiatu";"ogółem";"2024";0,00;"zł";"";
1214023;"Koszyce (3)";"gminy łącznie z miastami na prawach powiatu";"ogółem";"2024";16107317,17;"zł";"";
1214023;"Koszyce (3)";"gminy bez miast na prawach powiatu";"ogółem";"2024";16107317,17;"zł";"";
1214023;"Koszyce (3)";"miasta na prawach powiatu";"ogółem";"2024";0,00;"zł";"";
1214033;"Nowe Brzesko (3)";"gminy łącznie z miastami na prawach powiatu";"ogółem";"2024";14696005,19;"zł";"";
1214033;"Nowe Brzesko (3)";"gminy bez miast na prawach powiatu";"ogółem";"2024";14696005,19;"zł";"";
1214033;"Nowe Brzesko (3)";"miasta na prawach powiatu";"ogółem";"2024";0,00;"zł";"";
1214042;"Pałecznica (2)";"gminy łącznie z miastami na prawach powiatu";"ogółem";"2024";11283843,52;"zł";"";
1214042;"Pałecznica (2)";"gminy bez miast na prawach powiatu";"ogółem";"2024";11283843,52;"zł";"";
1214042;"Pałecznica (2)";"miasta na prawach powiatu";"ogółem";"2024";0,00;"zł";"";
1214053;"Proszowice (3)";"gminy łącznie z miastami na prawach powiatu";"ogółem";"2024";35028155,57;"zł";"";
1214053;"Proszowice (3)";"gminy bez miast na prawach powiatu";"ogółem";"2024";35028155,57;"zł";"";
1214053;"Proszowice (3)";"miasta na prawach powiatu";"ogółem";"2024";0,00;"zł";"";
1214062;"Radziemice (2)";"gminy łącznie z miastami na prawach powiatu";"ogółem";"2024";7573949,41;"zł";"";
1214062;"Radziemice (2)";"gminy bez miast na prawach powiatu";"ogółem";"2024";7573949,41;"zł";"";
1214062;"Radziemice (2)";"miasta na prawach powiatu";"ogółem";"2024";0,00;"zł";"";
1215000;"Powiat suski";"gminy łącznie z miastami na prawach powiatu";"ogółem";"2024";221963657,91;"zł";"";
1215000;"Powiat suski";"gminy bez miast na prawach powiatu";"ogółem";"2024";221963657,91;"zł";"";
1215000;"Powiat suski";"miasta na prawach powiatu";"ogółem";"2024";0,00;"zł";"";
1215011;"Jordanów (1)";"gminy łącznie z miastami na prawach powiatu";"ogółem";"2024";12441721,84;"zł";"";
1215011;"Jordanów (1)";"gminy bez miast na prawach powiatu";"ogółem";"2024";12441721,84;"zł";"";
1215011;"Jordanów (1)";"miasta na prawach powiatu";"ogółem";"2024";0,00;"zł";"";
1215021;"Sucha Beskidzka (1)";"gminy łącznie z miastami na prawach powiatu";"ogółem";"2024";23256031,31;"zł";"";
1215021;"Sucha Beskidzka (1)";"gminy bez miast na prawach powiatu";"ogółem";"2024";23256031,31;"zł";"";
1215021;"Sucha Beskidzka (1)";"miasta na prawach powiatu";"ogółem";"2024";0,00;"zł";"";
1215032;"Budzów (2)";"gminy łącznie z miastami na prawach powiatu";"ogółem";"2024";28115967,60;"zł";"";
1215032;"Budzów (2)";"gminy bez miast na prawach powiatu";"ogółem";"2024";28115967,60;"zł";"";
1215032;"Budzów (2)";"miasta na prawach powiatu";"ogółem";"2024";0,00;"zł";"";
1215042;"Bystra-Sidzina (2)";"gminy łącznie z miastami na prawach powiatu";"ogółem";"2024";17699486,47;"zł";"";
1215042;"Bystra-Sidzina (2)";"gminy bez miast na prawach powiatu";"ogółem";"2024";17699486,47;"zł";"";
1215042;"Bystra-Sidzina (2)";"miasta na prawach powiatu";"ogółem";"2024";0,00;"zł";"";
1215052;"Jordanów (2)";"gminy łącznie z miastami na prawach powiatu";"ogółem";"2024";29950494,07;"zł";"";
1215052;"Jordanów (2)";"gminy bez miast na prawach powiatu";"ogółem";"2024";29950494,07;"zł";"";
1215052;"Jordanów (2)";"miasta na prawach powiatu";"ogółem";"2024";0,00;"zł";"";
1215063;"Maków Podhalański (3)";"gminy łącznie z miastami na prawach powiatu";"ogółem";"2024";36164160,74;"zł";"";
1215063;"Maków Podhalański (3)";"gminy bez miast na prawach powiatu";"ogółem";"2024";36164160,74;"zł";"";
1215063;"Maków Podhalański (3)";"miasta na prawach powiatu";"ogółem";"2024";0,00;"zł";"";
1215072;"Stryszawa (2)";"gminy łącznie z miastami na prawach powiatu";"ogółem";"2024";39407825,56;"zł";"";
1215072;"Stryszawa (2)";"gminy bez miast na prawach powiatu";"ogółem";"2024";39407825,56;"zł";"";
1215072;"Stryszawa (2)";"miasta na prawach powiatu";"ogółem";"2024";0,00;"zł";"";
1215082;"Zawoja (2)";"gminy łącznie z miastami na prawach powiatu";"ogółem";"2024";20201242,97;"zł";"";
1215082;"Zawoja (2)";"gminy bez miast na prawach powiatu";"ogółem";"2024";20201242,97;"zł";"";
1215082;"Zawoja (2)";"miasta na prawach powiatu";"ogółem";"2024";0,00;"zł";"";
1215092;"Zembrzyce (2)";"gminy łącznie z miastami na prawach powiatu";"ogółem";"2024";14726727,35;"zł";"";
1215092;"Zembrzyce (2)";"gminy bez miast na prawach powiatu";"ogółem";"2024";14726727,35;"zł";"";
1215092;"Zembrzyce (2)";"miasta na prawach powiatu";"ogółem";"2024";0,00;"zł";"";
1216000;"Powiat tarnowski";"gminy łącznie z miastami na prawach powiatu";"ogółem";"2024";558934483,52;"zł";"";
1216000;"Powiat tarnowski";"gminy bez miast na prawach powiatu";"ogółem";"2024";558934483,52;"zł";"";
1216000;"Powiat tarnowski";"miasta na prawach powiatu";"ogółem";"2024";0,00;"zł";"";
1216013;"Ciężkowice (3)";"gminy łącznie z miastami na prawach powiatu";"ogółem";"2024";29779513,83;"zł";"";
1216013;"Ciężkowice (3)";"gminy bez miast na prawach powiatu";"ogółem";"2024";29779513,83;"zł";"";
1216013;"Ciężkowice (3)";"miasta na prawach powiatu";"ogółem";"2024";0,00;"zł";"";
1216022;"Gromnik (2)";"gminy łącznie z miastami na prawach powiatu";"ogółem";"2024";23224116,54;"zł";"";
1216022;"Gromnik (2)";"gminy bez miast na prawach powiatu";"ogółem";"2024";23224116,54;"zł";"";
1216022;"Gromnik (2)";"miasta na prawach powiatu";"ogółem";"2024";0,00;"zł";"";
1216032;"Lisia Góra (2)";"gminy łącznie z miastami na prawach powiatu";"ogółem";"2024";56778963,96;"zł";"";
1216032;"Lisia Góra (2)";"gminy bez miast na prawach powiatu";"ogółem";"2024";56778963,96;"zł";"";
1216032;"Lisia Góra (2)";"miasta na prawach powiatu";"ogółem";"2024";0,00;"zł";"";
1216042;"Pleśna (2)";"gminy łącznie z miastami na prawach powiatu";"ogółem";"2024";36063544,99;"zł";"";
1216042;"Pleśna (2)";"gminy bez miast na prawach powiatu";"ogółem";"2024";36063544,99;"zł";"";
1216042;"Pleśna (2)";"miasta na prawach powiatu";"ogółem";"2024";0,00;"zł";"";
1216053;"Radłów (3)";"gminy łącznie z miastami na prawach powiatu";"ogółem";"2024";24714943,22;"zł";"";
1216053;"Radłów (3)";"gminy bez miast na prawach powiatu";"ogółem";"2024";24714943,22;"zł";"";
1216053;"Radłów (3)";"miasta na prawach powiatu";"ogółem";"2024";0,00;"zł";"";
1216063;"Ryglice (3)";"gminy łącznie z miastami na prawach powiatu";"ogółem";"2024";34049452,51;"zł";"";
1216063;"Ryglice (3)";"gminy bez miast na prawach powiatu";"ogółem";"2024";34049452,51;"zł";"";
1216063;"Ryglice (3)";"miasta na prawach powiatu";"ogółem";"2024";0,00;"zł";"";
1216072;"Rzepiennik Strzyżewski (2)";"gminy łącznie z miastami na prawach powiatu";"ogółem";"2024";18059114,32;"zł";"";
1216072;"Rzepiennik Strzyżewski (2)";"gminy bez miast na prawach powiatu";"ogółem";"2024";18059114,32;"zł";"";
1216072;"Rzepiennik Strzyżewski (2)";"miasta na prawach powiatu";"ogółem";"2024";0,00;"zł";"";
1216082;"Skrzyszów (2)";"gminy łącznie z miastami na prawach powiatu";"ogółem";"2024";39759966,85;"zł";"";
1216082;"Skrzyszów (2)";"gminy bez miast na prawach powiatu";"ogółem";"2024";39759966,85;"zł";"";
1216082;"Skrzyszów (2)";"miasta na prawach powiatu";"ogółem";"2024";0,00;"zł";"";
1216092;"Tarnów (2)";"gminy łącznie z miastami na prawach powiatu";"ogółem";"2024";68411154,73;"zł";"";
1216092;"Tarnów (2)";"gminy bez miast na prawach powiatu";"ogółem";"2024";68411154,73;"zł";"";
1216092;"Tarnów (2)";"miasta na prawach powiatu";"ogółem";"2024";0,00;"zł";"";
1216103;"Tuchów (3)";"gminy łącznie z miastami na prawach powiatu";"ogółem";"2024";46116832,73;"zł";"";
1216103;"Tuchów (3)";"gminy bez miast na prawach powiatu";"ogółem";"2024";46116832,73;"zł";"";
1216103;"Tuchów (3)";"miasta na prawach powiatu";"ogółem";"2024";0,00;"zł";"";
1216112;"Wierzchosławice (2)";"gminy łącznie z miastami na prawach powiatu";"ogółem";"2024";40790600,00;"zł";"";
1216112;"Wierzchosławice (2)";"gminy bez miast na prawach powiatu";"ogółem";"2024";40790600,00;"zł";"";
1216112;"Wierzchosławice (2)";"miasta na prawach powiatu";"ogółem";"2024";0,00;"zł";"";
1216122;"Wietrzychowice (2)";"gminy łącznie z miastami na prawach powiatu";"ogółem";"2024";5667175,44;"zł";"";
1216122;"Wietrzychowice (2)";"gminy bez miast na prawach powiatu";"ogółem";"2024";5667175,44;"zł";"";
1216122;"Wietrzychowice (2)";"miasta na prawach powiatu";"ogółem";"2024";0,00;"zł";"";
1216133;"Wojnicz (3)";"gminy łącznie z miastami na prawach powiatu";"ogółem";"2024";34657937,30;"zł";"";
1216133;"Wojnicz (3)";"gminy bez miast na prawach powiatu";"ogółem";"2024";34657937,30;"zł";"";
1216133;"Wojnicz (3)";"miasta na prawach powiatu";"ogółem";"2024";0,00;"zł";"";
1216143;"Zakliczyn (3)";"gminy łącznie z miastami na prawach powiatu";"ogółem";"2024";36661790,96;"zł";"";
1216143;"Zakliczyn (3)";"gminy bez miast na prawach powiatu";"ogółem";"2024";36661790,96;"zł";"";
1216143;"Zakliczyn (3)";"miasta na prawach powiatu";"ogółem";"2024";0,00;"zł";"";
1216153;"Żabno (3)";"gminy łącznie z miastami na prawach powiatu";"ogółem";"2024";43182570,67;"zł";"";
1216153;"Żabno (3)";"gminy bez miast na prawach powiatu";"ogółem";"2024";43182570,67;"zł";"";
1216153;"Żabno (3)";"miasta na prawach powiatu";"ogółem";"2024";0,00;"zł";"";
1216162;"Szerzyny (2)";"gminy łącznie z miastami na prawach powiatu";"ogółem";"2024";21016805,47;"zł";"";
1216162;"Szerzyny (2)";"gminy bez miast na prawach powiatu";"ogółem";"2024";21016805,47;"zł";"";
1216162;"Szerzyny (2)";"miasta na prawach powiatu";"ogółem";"2024";0,00;"zł";"";
1217000;"Powiat tatrzański";"gminy łącznie z miastami na prawach powiatu";"ogółem";"2024";170559248,13;"zł";"";
1217000;"Powiat tatrzański";"gminy bez miast na prawach powiatu";"ogółem";"2024";170559248,13;"zł";"";
1217000;"Powiat tatrzański";"miasta na prawach powiatu";"ogółem";"2024";0,00;"zł";"";
1217011;"Zakopane (1)";"gminy łącznie z miastami na prawach powiatu";"ogółem";"2024";64742272,60;"zł";"";
1217011;"Zakopane (1)";"gminy bez miast na prawach powiatu";"ogółem";"2024";64742272,60;"zł";"";
1217011;"Zakopane (1)";"miasta na prawach powiatu";"ogółem";"2024";0,00;"zł";"";
1217022;"Biały Dunajec (2)";"gminy łącznie z miastami na prawach powiatu";"ogółem";"2024";14897060,11;"zł";"";
1217022;"Biały Dunajec (2)";"gminy bez miast na prawach powiatu";"ogółem";"2024";14897060,11;"zł";"";
1217022;"Biały Dunajec (2)";"miasta na prawach powiatu";"ogółem";"2024";0,00;"zł";"";
1217032;"Bukowina Tatrzańska (2)";"gminy łącznie z miastami na prawach powiatu";"ogółem";"2024";38366607,31;"zł";"";
1217032;"Bukowina Tatrzańska (2)";"gminy bez miast na prawach powiatu";"ogółem";"2024";38366607,31;"zł";"";
1217032;"Bukowina Tatrzańska (2)";"miasta na prawach powiatu";"ogółem";"2024";0,00;"zł";"";
1217042;"Kościelisko (2)";"gminy łącznie z miastami na prawach powiatu";"ogółem";"2024";21149103,03;"zł";"";
1217042;"Kościelisko (2)";"gminy bez miast na prawach powiatu";"ogółem";"2024";21149103,03;"zł";"";
1217042;"Kościelisko (2)";"miasta na prawach powiatu";"ogółem";"2024";0,00;"zł";"";
1217052;"Poronin (2)";"gminy łącznie z miastami na prawach powiatu";"ogółem";"2024";31404205,08;"zł";"";
1217052;"Poronin (2)";"gminy bez miast na prawach powiatu";"ogółem";"2024";31404205,08;"zł";"";
1217052;"Poronin (2)";"miasta na prawach powiatu";"ogółem";"2024";0,00;"zł";"";
1218000;"Powiat wadowicki";"gminy łącznie z miastami na prawach powiatu";"ogółem";"2024";480152323,52;"zł";"";
1218000;"Powiat wadowicki";"gminy bez miast na prawach powiatu";"ogółem";"2024";480152323,52;"zł";"";
1218000;"Powiat wadowicki";"miasta na prawach powiatu";"ogółem";"2024";0,00;"zł";"";
1218013;"Andrychów (3)";"gminy łącznie z miastami na prawach powiatu";"ogółem";"2024";120073878,83;"zł";"";
1218013;"Andrychów (3)";"gminy bez miast na prawach powiatu";"ogółem";"2024";120073878,83;"zł";"";
1218013;"Andrychów (3)";"miasta na prawach powiatu";"ogółem";"2024";0,00;"zł";"";
1218022;"Brzeźnica (2)";"gminy łącznie z miastami na prawach powiatu";"ogółem";"2024";27745884,46;"zł";"";
1218022;"Brzeźnica (2)";"gminy bez miast na prawach powiatu";"ogółem";"2024";27745884,46;"zł";"";
1218022;"Brzeźnica (2)";"miasta na prawach powiatu";"ogółem";"2024";0,00;"zł";"";
1218033;"Kalwaria Zebrzydowska (3)";"gminy łącznie z miastami na prawach powiatu";"ogółem";"2024";71842830,86;"zł";"";
1218033;"Kalwaria Zebrzydowska (3)";"gminy bez miast na prawach powiatu";"ogółem";"2024";71842830,86;"zł";"";
1218033;"Kalwaria Zebrzydowska (3)";"miasta na prawach powiatu";"ogółem";"2024";0,00;"zł";"";
1218042;"Lanckorona (2)";"gminy łącznie z miastami na prawach powiatu";"ogółem";"2024";18751232,08;"zł";"";
1218042;"Lanckorona (2)";"gminy bez miast na prawach powiatu";"ogółem";"2024";18751232,08;"zł";"";
1218042;"Lanckorona (2)";"miasta na prawach powiatu";"ogółem";"2024";0,00;"zł";"";
1218052;"Mucharz (2)";"gminy łącznie z miastami na prawach powiatu";"ogółem";"2024";18192095,94;"zł";"";
1218052;"Mucharz (2)";"gminy bez miast na prawach powiatu";"ogółem";"2024";18192095,94;"zł";"";
1218052;"Mucharz (2)";"miasta na prawach powiatu";"ogółem";"2024";0,00;"zł";"";
1218062;"Spytkowice (2)";"gminy łącznie z miastami na prawach powiatu";"ogółem";"2024";24992649,93;"zł";"";
1218062;"Spytkowice (2)";"gminy bez miast na prawach powiatu";"ogółem";"2024";24992649,93;"zł";"";
1218062;"Spytkowice (2)";"miasta na prawach powiatu";"ogółem";"2024";0,00;"zł";"";
1218072;"Stryszów (2)";"gminy łącznie z miastami na prawach powiatu";"ogółem";"2024";22386161,17;"zł";"";
1218072;"Stryszów (2)";"gminy bez miast na prawach powiatu";"ogółem";"2024";22386161,17;"zł";"";
1218072;"Stryszów (2)";"miasta na prawach powiatu";"ogółem";"2024";0,00;"zł";"";
1218082;"Tomice (2)";"gminy łącznie z miastami na prawach powiatu";"ogółem";"2024";30210913,57;"zł";"";
1218082;"Tomice (2)";"gminy bez miast na prawach powiatu";"ogółem";"2024";30210913,57;"zł";"";
1218082;"Tomice (2)";"miasta na prawach powiatu";"ogółem";"2024";0,00;"zł";"";
1218093;"Wadowice (3)";"gminy łącznie z miastami na prawach powiatu";"ogółem";"2024";107548611,72;"zł";"";
1218093;"Wadowice (3)";"gminy bez miast na prawach powiatu";"ogółem";"2024";107548611,72;"zł";"";
1218093;"Wadowice (3)";"miasta na prawach powiatu";"ogółem";"2024";0,00;"zł";"";
1218102;"Wieprz (2)";"gminy łącznie z miastami na prawach powiatu";"ogółem";"2024";38408064,96;"zł";"";
1218102;"Wieprz (2)";"gminy bez miast na prawach powiatu";"ogółem";"2024";38408064,96;"zł";"";
1218102;"Wieprz (2)";"miasta na prawach powiatu";"ogółem";"2024";0,00;"zł";"";
1219000;"Powiat wielicki";"gminy łącznie z miastami na prawach powiatu";"ogółem";"2024";503657073,37;"zł";"";
1219000;"Powiat wielicki";"gminy bez miast na prawach powiatu";"ogółem";"2024";503657073,37;"zł";"";
1219000;"Powiat wielicki";"miasta na prawach powiatu";"ogółem";"2024";0,00;"zł";"";
1219012;"Biskupice (2)";"gminy łącznie z miastami na prawach powiatu";"ogółem";"2024";37477672,74;"zł";"";
1219012;"Biskupice (2)";"gminy bez miast na prawach powiatu";"ogółem";"2024";37477672,74;"zł";"";
1219012;"Biskupice (2)";"miasta na prawach powiatu";"ogółem";"2024";0,00;"zł";"";
1219022;"Gdów (2)";"gminy łącznie z miastami na prawach powiatu";"ogółem";"2024";56821212,42;"zł";"";
1219022;"Gdów (2)";"gminy bez miast na prawach powiatu";"ogółem";"2024";56821212,42;"zł";"";
1219022;"Gdów (2)";"miasta na prawach powiatu";"ogółem";"2024";0,00;"zł";"";
1219032;"Kłaj (2)";"gminy łącznie z miastami na prawach powiatu";"ogółem";"2024";30743413,30;"zł";"";
1219032;"Kłaj (2)";"gminy bez miast na prawach powiatu";"ogółem";"2024";30743413,30;"zł";"";
1219032;"Kłaj (2)";"miasta na prawach powiatu";"ogółem";"2024";0,00;"zł";"";
1219043;"Niepołomice (3)";"gminy łącznie z miastami na prawach powiatu";"ogółem";"2024";121783925,21;"zł";"";
1219043;"Niepołomice (3)";"gminy bez miast na prawach powiatu";"ogółem";"2024";121783925,21;"zł";"";
1219043;"Niepołomice (3)";"miasta na prawach powiatu";"ogółem";"2024";0,00;"zł";"";
1219053;"Wieliczka (3)";"gminy łącznie z miastami na prawach powiatu";"ogółem";"2024";256830849,70;"zł";"";
1219053;"Wieliczka (3)";"gminy bez miast na prawach powiatu";"ogółem";"2024";256830849,70;"zł";"";
1219053;"Wieliczka (3)";"miasta na prawach powiatu";"ogółem";"2024";0,00;"zł";"";
1261000;"Powiat m. Kraków";"gminy łącznie z miastami na prawach powiatu";"ogółem";"2024";3274563212,93;"zł";"";
1261000;"Powiat m. Kraków";"gminy bez miast na prawach powiatu";"ogółem";"2024";0,00;"zł";"";
1261000;"Powiat m. Kraków";"miasta na prawach powiatu";"ogółem";"2024";3274563212,93;"zł";"";
1261011;"Kraków (1)";"gminy łącznie z miastami na prawach powiatu";"ogółem";"2024";3274563212,93;"zł";"";
1261011;"Kraków (1)";"gminy bez miast na prawach powiatu";"ogółem";"2024";0,00;"zł";"";
1261011;"Kraków (1)";"miasta na prawach powiatu";"ogółem";"2024";3274563212,93;"zł";"";
1262000;"Powiat m. Nowy Sącz";"gminy łącznie z miastami na prawach powiatu";"ogółem";"2024";401423813,88;"zł";"";
1262000;"Powiat m. Nowy Sącz";"gminy bez miast na prawach powiatu";"ogółem";"2024";0,00;"zł";"";
1262000;"Powiat m. Nowy Sącz";"miasta na prawach powiatu";"ogółem";"2024";401423813,88;"zł";"";
1262011;"Nowy Sącz (1)";"gminy łącznie z miastami na prawach powiatu";"ogółem";"2024";401423813,88;"zł";"";
1262011;"Nowy Sącz (1)";"gminy bez miast na prawach powiatu";"ogółem";"2024";0,00;"zł";"";
1262011;"Nowy Sącz (1)";"miasta na prawach powiatu";"ogółem";"2024";401423813,88;"zł";"";
1263000;"Powiat m. Tarnów";"gminy łącznie z miastami na prawach powiatu";"ogółem";"2024";477795797,18;"zł";"";
1263000;"Powiat m. Tarnów";"gminy bez miast na prawach powiatu";"ogółem";"2024";0,00;"zł";"";
1263000;"Powiat m. Tarnów";"miasta na prawach powiatu";"ogółem";"2024";477795797,18;"zł";"";
1263011;"Tarnów (1)";"gminy łącznie z miastami na prawach powiatu";"ogółem";"2024";477795797,18;"zł";"";
1263011;"Tarnów (1)";"gminy bez miast na prawach powiatu";"ogółem";"2024";0,00;"zł";"";
1263011;"Tarnów (1)";"miasta na prawach powiatu";"ogółem";"2024";477795797,18;"zł";"";
